typeCode,freqCode,refPeriodId,refYear,refMonth,period,reporterCode,reporterISO,reporterDesc,flowCode,flowDesc,partnerCode,partnerISO,partnerDesc,partner2Code,partner2ISO,partner2Desc,classificationCode,classificationSearchCode,isOriginalClassification,cmdCode,cmdDesc,aggrLevel,isLeaf,customsCode,customsDesc,mosCode,motCode,motDesc,qtyUnitCode,qtyUnitAbbr,qty,isQtyEstimated,altQtyUnitCode,altQtyUnitAbbr,altQty,isAltQtyEstimated,netWgt,isNetWgtEstimated,grossWgt,isGrossWgtEstimated,cifvalue,fobvalue,primaryValue,legacyEstimationFlag,isReported,isAggregate
"C","A","20150101","2015","52","2015","360","IDN","Indonesia","M","Import","0","W00","World","0","W00","World","H4","HS","true","1005","Maize (corn)","4","false","C00","TOTAL CPC","0","0","TOTAL MOT","8","kg","3267694346","false","-1","N/A",,"false","3267694346","false",,"false","696646753",,"696646753","0","true","false",
"C","A","20150101","2015","52","2015","360","IDN","Indonesia","M","Import","32","ARG","Argentina","0","W00","World","H4","HS","true","1005","Maize (corn)","4","false","C00","TOTAL CPC","0","0","TOTAL MOT","8","kg","1776082261","false","-1","N/A",,"false","1776082261","false",,"false","371690289",,"371690289","0","true","false",
"C","A","20150101","2015","52","2015","360","IDN","Indonesia","M","Import","76","BRA","Brazil","0","W00","World","H4","HS","true","1005","Maize (corn)","4","false","C00","TOTAL CPC","0","0","TOTAL MOT","8","kg","1331411404","false","-1","N/A",,"false","1331411404","false",,"false","276961519",,"276961519","0","true","false",
"C","A","20150101","2015","52","2015","360","IDN","Indonesia","M","Import","156","CHN","China","0","W00","World","H4","HS","true","1005","Maize (corn)","4","false","C00","TOTAL CPC","0","0","TOTAL MOT","8","kg","20000","false","-1","N/A",,"false","20000","false",,"false","51100",,"51100","0","true","false",
"C","A","20150101","2015","52","2015","360","IDN","Indonesia","M","Import","410","KOR","Rep. of Korea","0","W00","World","H4","HS","true","1005","Maize (corn)","4","false","C00","TOTAL CPC","0","0","TOTAL MOT","8","kg","10","false","-1","N/A",,"false","10","false",,"false","40",,"40","0","true","false",
"C","A","20150101","2015","52","2015","360","IDN","Indonesia","M","Import","458","MYS","Malaysia","0","W00","World","H4","HS","true","1005","Maize (corn)","4","false","C00","TOTAL CPC","0","0","TOTAL MOT","8","kg","144707","false","-1","N/A",,"false","144707","false",,"false","61214",,"61214","0","true","false",
"C","A","20150101","2015","52","2015","360","IDN","Indonesia","M","Import","600","PRY","Paraguay","0","W00","World","H4","HS","true","1005","Maize (corn)","4","false","C00","TOTAL CPC","0","0","TOTAL MOT","8","kg","15946232","false","-1","N/A",,"false","15946232","false",,"false","3135191",,"3135191","0","true","false",
"C","A","20150101","2015","52","2015","360","IDN","Indonesia","M","Import","608","PHL","Philippines","0","W00","World","H4","HS","true","1005","Maize (corn)","4","false","C00","TOTAL CPC","0","0","TOTAL MOT","8","kg","596732","false","-1","N/A",,"false","596732","false",,"false","2521886",,"2521886","0","true","false",
"C","A","20150101","2015","52","2015","360","IDN","Indonesia","M","Import","699","IND","India","0","W00","World","H4","HS","true","1005","Maize (corn)","4","false","C00","TOTAL CPC","0","0","TOTAL MOT","8","kg","96892755","false","-1","N/A",,"false","96892755","false",,"false","24234538",,"24234538","0","true","false",
"C","A","20150101","2015","52","2015","360","IDN","Indonesia","M","Import","702","SGP","Singapore","0","W00","World","H4","HS","true","1005","Maize (corn)","4","false","C00","TOTAL CPC","0","0","TOTAL MOT","8","kg","1030850","false","-1","N/A",,"false","1030850","false",,"false","292092",,"292092","0","true","false",
"C","A","20150101","2015","52","2015","360","IDN","Indonesia","M","Import","710","ZAF","South Africa","0","W00","World","H4","HS","true","1005","Maize (corn)","4","false","C00","TOTAL CPC","0","0","TOTAL MOT","8","kg","147170","false","-1","N/A",,"false","147170","false",,"false","101577",,"101577","0","true","false",
"C","A","20150101","2015","52","2015","360","IDN","Indonesia","M","Import","764","THA","Thailand","0","W00","World","H4","HS","true","1005","Maize (corn)","4","false","C00","TOTAL CPC","0","0","TOTAL MOT","8","kg","11590332","false","-1","N/A",,"false","11590332","false",,"false","9057306",,"9057306","0","true","false",
"C","A","20150101","2015","52","2015","360","IDN","Indonesia","M","Import","842","USA","USA","0","W00","World","H4","HS","true","1005","Maize (corn)","4","false","C00","TOTAL CPC","0","0","TOTAL MOT","8","kg","33831893","false","-1","N/A",,"false","33831893","false",,"false","8540001",,"8540001","0","true","false",
"C","A","20150101","2015","52","2015","360","IDN","Indonesia","M","Import","0","W00","World","0","W00","World","H4","HS","true","1006","Rice","4","false","C00","TOTAL CPC","0","0","TOTAL MOT","8","kg","861601001","false","-1","N/A",,"false","861601001","false",,"false","351602090",,"351602090","0","true","false",
"C","A","20150101","2015","52","2015","360","IDN","Indonesia","M","Import","104","MMR","Myanmar","0","W00","World","H4","HS","true","1006","Rice","4","false","C00","TOTAL CPC","0","0","TOTAL MOT","8","kg","8775000","false","-1","N/A",,"false","8775000","false",,"false","2732250",,"2732250","0","true","false",
"C","A","20150101","2015","52","2015","360","IDN","Indonesia","M","Import","116","KHM","Cambodia","0","W00","World","H4","HS","true","1006","Rice","4","false","C00","TOTAL CPC","0","0","TOTAL MOT","8","kg","1000000","false","-1","N/A",,"false","1000000","false",,"false","402000",,"402000","0","true","false",
"C","A","20150101","2015","52","2015","360","IDN","Indonesia","M","Import","156","CHN","China","0","W00","World","H4","HS","true","1006","Rice","4","false","C00","TOTAL CPC","0","0","TOTAL MOT","8","kg","479880","false","-1","N/A",,"false","479880","false",,"false","1631016",,"1631016","0","true","false",
"C","A","20150101","2015","52","2015","360","IDN","Indonesia","M","Import","392","JPN","Japan","0","W00","World","H4","HS","true","1006","Rice","4","false","C00","TOTAL CPC","0","0","TOTAL MOT","8","kg","80000","false","-1","N/A",,"false","80000","false",,"false","145533",,"145533","0","true","false",
"C","A","20150101","2015","52","2015","360","IDN","Indonesia","M","Import","458","MYS","Malaysia","0","W00","World","H4","HS","true","1006","Rice","4","false","C00","TOTAL CPC","0","0","TOTAL MOT","8","kg","825000","false","-1","N/A",,"false","825000","false",,"false","231885",,"231885","0","true","false",
"C","A","20150101","2015","52","2015","360","IDN","Indonesia","M","Import","586","PAK","Pakistan","0","W00","World","H4","HS","true","1006","Rice","4","false","C00","TOTAL CPC","0","0","TOTAL MOT","8","kg","180099500","false","-1","N/A",,"false","180099500","false",,"false","62949167",,"62949167","0","true","false",
"C","A","20150101","2015","52","2015","360","IDN","Indonesia","M","Import","608","PHL","Philippines","0","W00","World","H4","HS","true","1006","Rice","4","false","C00","TOTAL CPC","0","0","TOTAL MOT","8","kg","54187","false","-1","N/A",,"false","54187","false",,"false","503125",,"503125","0","true","false",
"C","A","20150101","2015","52","2015","360","IDN","Indonesia","M","Import","699","IND","India","0","W00","World","H4","HS","true","1006","Rice","4","false","C00","TOTAL CPC","0","0","TOTAL MOT","8","kg","34167500","false","-1","N/A",,"false","34167500","false",,"false","13671676",,"13671676","0","true","false",
"C","A","20150101","2015","52","2015","360","IDN","Indonesia","M","Import","704","VNM","Viet Nam","0","W00","World","H4","HS","true","1006","Rice","4","false","C00","TOTAL CPC","0","0","TOTAL MOT","8","kg","509374194","false","-1","N/A",,"false","509374194","false",,"false","202563058",,"202563058","0","true","false",
"C","A","20150101","2015","52","2015","360","IDN","Indonesia","M","Import","764","THA","Thailand","0","W00","World","H4","HS","true","1006","Rice","4","false","C00","TOTAL CPC","0","0","TOTAL MOT","8","kg","126745740","false","-1","N/A",,"false","126745740","false",,"false","66772380",,"66772380","0","true","false",
"C","A","20160101","2016","52","2016","360","IDN","Indonesia","M","Import","0","W00","World","0","W00","World","H4","HS","true","1005","Maize (corn)","4","false","C00","TOTAL CPC","0","0","TOTAL MOT","8","kg","1139694454","false","-1","N/A",,"false","1139694454","false",,"false","230922810",,"230922810","0","true","false",
"C","A","20160101","2016","52","2016","360","IDN","Indonesia","M","Import","32","ARG","Argentina","0","W00","World","H4","HS","true","1005","Maize (corn)","4","false","C00","TOTAL CPC","0","0","TOTAL MOT","8","kg","307863745","false","-1","N/A",,"false","307863745","false",,"false","59874956",,"59874956","0","true","false",
"C","A","20160101","2016","52","2016","360","IDN","Indonesia","M","Import","76","BRA","Brazil","0","W00","World","H4","HS","true","1005","Maize (corn)","4","false","C00","TOTAL CPC","0","0","TOTAL MOT","8","kg","519246772","false","-1","N/A",,"false","519246772","false",,"false","103638693",,"103638693","0","true","false",
"C","A","20160101","2016","52","2016","360","IDN","Indonesia","M","Import","156","CHN","China","0","W00","World","H4","HS","true","1005","Maize (corn)","4","false","C00","TOTAL CPC","0","0","TOTAL MOT","8","kg","33","false","-1","N/A",,"false","33","false",,"false","174",,"174","0","true","false",
"C","A","20160101","2016","52","2016","360","IDN","Indonesia","M","Import","360","IDN","Indonesia","0","W00","World","H4","HS","true","1005","Maize (corn)","4","false","C00","TOTAL CPC","0","0","TOTAL MOT","8","kg","24600","false","-1","N/A",,"false","24600","false",,"false","4475",,"4475","0","true","false",
"C","A","20160101","2016","52","2016","360","IDN","Indonesia","M","Import","458","MYS","Malaysia","0","W00","World","H4","HS","true","1005","Maize (corn)","4","false","C00","TOTAL CPC","0","0","TOTAL MOT","8","kg","207927","false","-1","N/A",,"false","207927","false",,"false","55498",,"55498","0","true","false",
"C","A","20160101","2016","52","2016","360","IDN","Indonesia","M","Import","608","PHL","Philippines","0","W00","World","H4","HS","true","1005","Maize (corn)","4","false","C00","TOTAL CPC","0","0","TOTAL MOT","8","kg","1365","false","-1","N/A",,"false","1365","false",,"false","15108",,"15108","0","true","false",
"C","A","20160101","2016","52","2016","360","IDN","Indonesia","M","Import","699","IND","India","0","W00","World","H4","HS","true","1005","Maize (corn)","4","false","C00","TOTAL CPC","0","0","TOTAL MOT","8","kg","815401","false","-1","N/A",,"false","815401","false",,"false","923346",,"923346","0","true","false",
"C","A","20160101","2016","52","2016","360","IDN","Indonesia","M","Import","702","SGP","Singapore","0","W00","World","H4","HS","true","1005","Maize (corn)","4","false","C00","TOTAL CPC","0","0","TOTAL MOT","8","kg","813450","false","-1","N/A",,"false","813450","false",,"false","245466",,"245466","0","true","false",
"C","A","20160101","2016","52","2016","360","IDN","Indonesia","M","Import","764","THA","Thailand","0","W00","World","H4","HS","true","1005","Maize (corn)","4","false","C00","TOTAL CPC","0","0","TOTAL MOT","8","kg","7030672","false","-1","N/A",,"false","7030672","false",,"false","3419289",,"3419289","0","true","false",
"C","A","20160101","2016","52","2016","360","IDN","Indonesia","M","Import","842","USA","USA","0","W00","World","H4","HS","true","1005","Maize (corn)","4","false","C00","TOTAL CPC","0","0","TOTAL MOT","8","kg","303690489","false","-1","N/A",,"false","303690489","false",,"false","62745805",,"62745805","0","true","false",
"C","A","20160101","2016","52","2016","360","IDN","Indonesia","M","Import","0","W00","World","0","W00","World","H4","HS","true","1006","Rice","4","false","C00","TOTAL CPC","0","0","TOTAL MOT","8","kg","1283178527","false","-1","N/A",,"false","1283178527","false",,"false","531841557",,"531841557","0","true","false",
"C","A","20160101","2016","52","2016","360","IDN","Indonesia","M","Import","104","MMR","Myanmar","0","W00","World","H4","HS","true","1006","Rice","4","false","C00","TOTAL CPC","0","0","TOTAL MOT","8","kg","16650000","false","-1","N/A",,"false","16650000","false",,"false","6382760",,"6382760","0","true","false",
"C","A","20160101","2016","52","2016","360","IDN","Indonesia","M","Import","156","CHN","China","0","W00","World","H4","HS","true","1006","Rice","4","false","C00","TOTAL CPC","0","0","TOTAL MOT","8","kg","1271863","false","-1","N/A",,"false","1271863","false",,"false","4220683",,"4220683","0","true","false",
"C","A","20160101","2016","52","2016","360","IDN","Indonesia","M","Import","392","JPN","Japan","0","W00","World","H4","HS","true","1006","Rice","4","false","C00","TOTAL CPC","0","0","TOTAL MOT","8","kg","93000","false","-1","N/A",,"false","93000","false",,"false","283469",,"283469","0","true","false",
"C","A","20160101","2016","52","2016","360","IDN","Indonesia","M","Import","458","MYS","Malaysia","0","W00","World","H4","HS","true","1006","Rice","4","false","C00","TOTAL CPC","0","0","TOTAL MOT","8","kg","720710","false","-1","N/A",,"false","720710","false",,"false","293540",,"293540","0","true","false",
"C","A","20160101","2016","52","2016","360","IDN","Indonesia","M","Import","490","S19","Other Asia, nes","0","W00","World","H4","HS","true","1006","Rice","4","false","C00","TOTAL CPC","0","0","TOTAL MOT","8","kg","148","false","-1","N/A",,"false","148","false",,"false","821",,"821","0","true","false",
"C","A","20160101","2016","52","2016","360","IDN","Indonesia","M","Import","586","PAK","Pakistan","0","W00","World","H4","HS","true","1006","Rice","4","false","C00","TOTAL CPC","0","0","TOTAL MOT","8","kg","134832500","false","-1","N/A",,"false","134832500","false",,"false","49124112",,"49124112","0","true","false",
"C","A","20160101","2016","52","2016","360","IDN","Indonesia","M","Import","608","PHL","Philippines","0","W00","World","H4","HS","true","1006","Rice","4","false","C00","TOTAL CPC","0","0","TOTAL MOT","8","kg","1396","false","-1","N/A",,"false","1396","false",,"false","7165",,"7165","0","true","false",
"C","A","20160101","2016","52","2016","360","IDN","Indonesia","M","Import","699","IND","India","0","W00","World","H4","HS","true","1006","Rice","4","false","C00","TOTAL CPC","0","0","TOTAL MOT","8","kg","36141960","false","-1","N/A",,"false","36141960","false",,"false","15795013",,"15795013","0","true","false",
"C","A","20160101","2016","52","2016","360","IDN","Indonesia","M","Import","704","VNM","Viet Nam","0","W00","World","H4","HS","true","1006","Rice","4","false","C00","TOTAL CPC","0","0","TOTAL MOT","8","kg","535576950","false","-1","N/A",,"false","535576950","false",,"false","212602762",,"212602762","0","true","false",
"C","A","20160101","2016","52","2016","360","IDN","Indonesia","M","Import","764","THA","Thailand","0","W00","World","H4","HS","true","1006","Rice","4","false","C00","TOTAL CPC","0","0","TOTAL MOT","8","kg","557890000","false","-1","N/A",,"false","557890000","false",,"false","243131232",,"243131232","0","true","false",
"C","A","20170101","2017","52","2017","360","IDN","Indonesia","M","Import","0","W00","World","0","W00","World","H5","HS","true","1005","Maize (corn)","4","false","C00","TOTAL CPC","0","0","TOTAL MOT","8","kg","517495981","false","8","kg","517495981","false","517495981","false","0","false","114077183","0","114077183","0","false","true",
"C","A","20170101","2017","52","2017","360","IDN","Indonesia","M","Import","32","ARG","Argentina","0","W00","World","H5","HS","true","1005","Maize (corn)","4","false","C00","TOTAL CPC","0","0","TOTAL MOT","8","kg","164483369","false","8","kg","164483369","false","164483369","false","0","false","32102919","0","32102919","0","false","true",
"C","A","20170101","2017","52","2017","360","IDN","Indonesia","M","Import","36","AUS","Australia","0","W00","World","H5","HS","true","1005","Maize (corn)","4","false","C00","TOTAL CPC","0","0","TOTAL MOT","8","kg","900000","false","8","kg","900000","false","900000","false","0","false","498704","0","498704","0","false","true",
"C","A","20170101","2017","52","2017","360","IDN","Indonesia","M","Import","76","BRA","Brazil","0","W00","World","H5","HS","true","1005","Maize (corn)","4","false","C00","TOTAL CPC","0","0","TOTAL MOT","8","kg","93841250","false","8","kg","93841250","false","93841250","false","0","false","18621964","0","18621964","0","false","true",
"C","A","20170101","2017","52","2017","360","IDN","Indonesia","M","Import","608","PHL","Philippines","0","W00","World","H5","HS","true","1005","Maize (corn)","4","false","C00","TOTAL CPC","0","0","TOTAL MOT","8","kg","6570","false","8","kg","6570","false","6570","false","0","false","15416","0","15416","0","false","true",
"C","A","20170101","2017","52","2017","360","IDN","Indonesia","M","Import","699","IND","India","0","W00","World","H5","HS","true","1005","Maize (corn)","4","false","C00","TOTAL CPC","0","0","TOTAL MOT","8","kg","1554059","false","8","kg","1554059","false","1554059","false","0","false","2452250","0","2452250","0","false","true",
"C","A","20170101","2017","52","2017","360","IDN","Indonesia","M","Import","702","SGP","Singapore","0","W00","World","H5","HS","true","1005","Maize (corn)","4","false","C00","TOTAL CPC","0","0","TOTAL MOT","8","kg","364749","false","8","kg","364749","false","364749","false","0","false","1327333","0","1327333","0","false","true",
"C","A","20170101","2017","52","2017","360","IDN","Indonesia","M","Import","710","ZAF","South Africa","0","W00","World","H5","HS","true","1005","Maize (corn)","4","false","C00","TOTAL CPC","0","0","TOTAL MOT","8","kg","112","false","8","kg","112","false","112","false","0","false","998","0","998","0","false","true",
"C","A","20170101","2017","52","2017","360","IDN","Indonesia","M","Import","764","THA","Thailand","0","W00","World","H5","HS","true","1005","Maize (corn)","4","false","C00","TOTAL CPC","0","0","TOTAL MOT","8","kg","31842610","false","8","kg","31842610","false","31842610","false","0","false","11866195","0","11866195","0","false","true",
"C","A","20170101","2017","52","2017","360","IDN","Indonesia","M","Import","792","TUR","TÃ¼rkiye","0","W00","World","H5","HS","true","1005","Maize (corn)","4","false","C00","TOTAL CPC","0","0","TOTAL MOT","8","kg","144000","false","8","kg","144000","false","144000","false","0","false","69120","0","69120","0","false","true",
"C","A","20170101","2017","52","2017","360","IDN","Indonesia","M","Import","804","UKR","Ukraine","0","W00","World","H5","HS","true","1005","Maize (corn)","4","false","C00","TOTAL CPC","0","0","TOTAL MOT","8","kg","25107980","false","8","kg","25107980","false","25107980","false","0","false","5517813","0","5517813","0","false","true",
"C","A","20170101","2017","52","2017","360","IDN","Indonesia","M","Import","842","USA","USA","0","W00","World","H5","HS","true","1005","Maize (corn)","4","false","C00","TOTAL CPC","0","0","TOTAL MOT","8","kg","199251282","false","8","kg","199251282","false","199251282","false","0","false","41604471","0","41604471","0","false","true",
"C","A","20170101","2017","52","2017","360","IDN","Indonesia","M","Import","0","W00","World","0","W00","World","H5","HS","true","1006","Rice","4","false","C00","TOTAL CPC","0","0","TOTAL MOT","8","kg","305274646","false","8","kg","305274646","false","305274646","false","0","false","143641724","0","143641724","0","false","true",
"C","A","20170101","2017","52","2017","360","IDN","Indonesia","M","Import","104","MMR","Myanmar","0","W00","World","H5","HS","true","1006","Rice","4","false","C00","TOTAL CPC","0","0","TOTAL MOT","8","kg","57475000","false","8","kg","57475000","false","57475000","false","0","false","19546137","0","19546137","0","false","true",
"C","A","20170101","2017","52","2017","360","IDN","Indonesia","M","Import","156","CHN","China","0","W00","World","H5","HS","true","1006","Rice","4","false","C00","TOTAL CPC","0","0","TOTAL MOT","8","kg","2418955","false","8","kg","2418955","false","2418955","false","0","false","8118652","0","8118652","0","false","true",
"C","A","20170101","2017","52","2017","360","IDN","Indonesia","M","Import","392","JPN","Japan","0","W00","World","H5","HS","true","1006","Rice","4","false","C00","TOTAL CPC","0","0","TOTAL MOT","8","kg","72071","false","8","kg","72071","false","72071","false","0","false","234990","0","234990","0","false","true",
"C","A","20170101","2017","52","2017","360","IDN","Indonesia","M","Import","586","PAK","Pakistan","0","W00","World","H5","HS","true","1006","Rice","4","false","C00","TOTAL CPC","0","0","TOTAL MOT","8","kg","87500000","false","8","kg","87500000","false","87500000","false","0","false","34793125","0","34793125","0","false","true",
"C","A","20170101","2017","52","2017","360","IDN","Indonesia","M","Import","608","PHL","Philippines","0","W00","World","H5","HS","true","1006","Rice","4","false","C00","TOTAL CPC","0","0","TOTAL MOT","8","kg","54272","false","8","kg","54272","false","54272","false","0","false","503445","0","503445","0","false","true",
"C","A","20170101","2017","52","2017","360","IDN","Indonesia","M","Import","699","IND","India","0","W00","World","H5","HS","true","1006","Rice","4","false","C00","TOTAL CPC","0","0","TOTAL MOT","8","kg","32209698","false","8","kg","32209698","false","32209698","false","0","false","13397145","0","13397145","0","false","true",
"C","A","20170101","2017","52","2017","360","IDN","Indonesia","M","Import","704","VNM","Viet Nam","0","W00","World","H5","HS","true","1006","Rice","4","false","C00","TOTAL CPC","0","0","TOTAL MOT","8","kg","16599850","false","8","kg","16599850","false","16599850","false","0","false","6761286","0","6761286","0","false","true",
"C","A","20170101","2017","52","2017","360","IDN","Indonesia","M","Import","764","THA","Thailand","0","W00","World","H5","HS","true","1006","Rice","4","false","C00","TOTAL CPC","0","0","TOTAL MOT","8","kg","108944800","false","8","kg","108944800","false","108944800","false","0","false","60286944","0","60286944","0","false","true",
"C","A","20180101","2018","52","2018","360","IDN","Indonesia","M","Import","0","W00","World","0","W00","World","H5","HS","true","1005","Maize (corn)","4","false","C00","TOTAL CPC","0","0","TOTAL MOT","8","kg","737225451.982","true","-1","N/A","0","false","737225451.982","true","0","false","159548397","0","159548397","6","false","true",
"C","A","20180101","2018","52","2018","360","IDN","Indonesia","M","Import","32","ARG","Argentina","0","W00","World","H5","HS","true","1005","Maize (corn)","4","false","C00","TOTAL CPC","0","0","TOTAL MOT","8","kg","326580324","false","8","kg","326580324","false","326580324","false","0","false","70276199","0","70276199","0","false","true",
"C","A","20180101","2018","52","2018","360","IDN","Indonesia","M","Import","36","AUS","Australia","0","W00","World","H5","HS","true","1005","Maize (corn)","4","false","C00","TOTAL CPC","0","0","TOTAL MOT","8","kg","1660008","false","8","kg","1660008","false","1660008","false","0","false","1049260","0","1049260","0","false","true",
"C","A","20180101","2018","52","2018","360","IDN","Indonesia","M","Import","40","AUT","Austria","0","W00","World","H5","HS","true","1005","Maize (corn)","4","false","C00","TOTAL CPC","0","0","TOTAL MOT","8","kg","14","false","8","kg","14","false","14","false","0","false","167","0","167","0","false","true",
"C","A","20180101","2018","52","2018","360","IDN","Indonesia","M","Import","76","BRA","Brazil","0","W00","World","H5","HS","true","1005","Maize (corn)","4","false","C00","TOTAL CPC","0","0","TOTAL MOT","8","kg","222578000","false","8","kg","222578000","false","222578000","false","0","false","46253510","0","46253510","0","false","true",
"C","A","20180101","2018","52","2018","360","IDN","Indonesia","M","Import","251","FRA","France","0","W00","World","H5","HS","true","1005","Maize (corn)","4","false","C00","TOTAL CPC","0","0","TOTAL MOT","8","kg","33","false","8","kg","33","false","33","false","0","false","145","0","145","0","false","true",
"C","A","20180101","2018","52","2018","360","IDN","Indonesia","M","Import","276","DEU","Germany","0","W00","World","H5","HS","true","1005","Maize (corn)","4","false","C00","TOTAL CPC","0","0","TOTAL MOT","8","kg","26","false","8","kg","26","false","26","false","0","false","293","0","293","0","false","true",
"C","A","20180101","2018","52","2018","360","IDN","Indonesia","M","Import","344","HKG","China, Hong Kong SAR","0","W00","World","H5","HS","true","1005","Maize (corn)","4","false","C00","TOTAL CPC","0","0","TOTAL MOT","8","kg","2","false","8","kg","2","false","2","false","0","false","216","0","216","0","false","true",
"C","A","20180101","2018","52","2018","360","IDN","Indonesia","M","Import","392","JPN","Japan","0","W00","World","H5","HS","true","1005","Maize (corn)","4","false","C00","TOTAL CPC","0","0","TOTAL MOT","8","kg","6","false","8","kg","6","false","6","false","0","false","200","0","200","0","false","true",
"C","A","20180101","2018","52","2018","360","IDN","Indonesia","M","Import","410","KOR","Rep. of Korea","0","W00","World","H5","HS","true","1005","Maize (corn)","4","false","C00","TOTAL CPC","0","0","TOTAL MOT","8","kg","203","false","8","kg","203","false","203","false","0","false","2687","0","2687","0","false","true",
"C","A","20180101","2018","52","2018","360","IDN","Indonesia","M","Import","458","MYS","Malaysia","0","W00","World","H5","HS","true","1005","Maize (corn)","4","false","C00","TOTAL CPC","0","0","TOTAL MOT","8","kg","1430","false","8","kg","1430","false","1430","false","0","false","1191","0","1191","0","false","true",
"C","A","20180101","2018","52","2018","360","IDN","Indonesia","M","Import","528","NLD","Netherlands","0","W00","World","H5","HS","true","1005","Maize (corn)","4","false","C00","TOTAL CPC","0","0","TOTAL MOT","8","kg","5","false","8","kg","5","false","5","false","0","false","330","0","330","0","false","true",
"C","A","20180101","2018","52","2018","360","IDN","Indonesia","M","Import","608","PHL","Philippines","0","W00","World","H5","HS","true","1005","Maize (corn)","4","false","C00","TOTAL CPC","0","0","TOTAL MOT","8","kg","5602","false","8","kg","5602","false","5602","false","0","false","13983","0","13983","0","false","true",
"C","A","20180101","2018","52","2018","360","IDN","Indonesia","M","Import","699","IND","India","0","W00","World","H5","HS","true","1005","Maize (corn)","4","false","C00","TOTAL CPC","0","0","TOTAL MOT","8","kg","62898.982","true","-1","N/A","0","false","62898.982","true","0","false","376735","0","376735","6","false","true",
"C","A","20180101","2018","52","2018","360","IDN","Indonesia","M","Import","702","SGP","Singapore","0","W00","World","H5","HS","true","1005","Maize (corn)","4","false","C00","TOTAL CPC","0","0","TOTAL MOT","8","kg","108319","false","8","kg","108319","false","108319","false","0","false","283666","0","283666","0","false","true",
"C","A","20180101","2018","52","2018","360","IDN","Indonesia","M","Import","764","THA","Thailand","0","W00","World","H5","HS","true","1005","Maize (corn)","4","false","C00","TOTAL CPC","0","0","TOTAL MOT","8","kg","85595","false","8","kg","85595","false","85595","false","0","false","392186","0","392186","0","false","true",
"C","A","20180101","2018","52","2018","360","IDN","Indonesia","M","Import","842","USA","USA","0","W00","World","H5","HS","true","1005","Maize (corn)","4","false","C00","TOTAL CPC","0","0","TOTAL MOT","8","kg","186142986","false","8","kg","186142986","false","186142986","false","0","false","40897629","0","40897629","0","false","true",
"C","A","20180101","2018","52","2018","360","IDN","Indonesia","M","Import","0","W00","World","0","W00","World","H5","HS","true","1006","Rice","4","false","C00","TOTAL CPC","0","0","TOTAL MOT","8","kg","2253824565","false","8","kg","2253824565","false","2253824565","false","0","false","1037128422","0","1037128422","0","false","true",
"C","A","20180101","2018","52","2018","360","IDN","Indonesia","M","Import","104","MMR","Myanmar","0","W00","World","H5","HS","true","1006","Rice","4","false","C00","TOTAL CPC","0","0","TOTAL MOT","8","kg","41820000","false","8","kg","41820000","false","41820000","false","0","false","15161398","0","15161398","0","false","true",
"C","A","20180101","2018","52","2018","360","IDN","Indonesia","M","Import","156","CHN","China","0","W00","World","H5","HS","true","1006","Rice","4","false","C00","TOTAL CPC","0","0","TOTAL MOT","8","kg","227680","false","8","kg","227680","false","227680","false","0","false","1094118","0","1094118","0","false","true",
"C","A","20180101","2018","52","2018","360","IDN","Indonesia","M","Import","360","IDN","Indonesia","0","W00","World","H5","HS","true","1006","Rice","4","false","C00","TOTAL CPC","0","0","TOTAL MOT","8","kg","6000","false","8","kg","6000","false","6000","false","0","false","13656","0","13656","0","false","true",
"C","A","20180101","2018","52","2018","360","IDN","Indonesia","M","Import","364","IRN","Iran","0","W00","World","H5","HS","true","1006","Rice","4","false","C00","TOTAL CPC","0","0","TOTAL MOT","8","kg","64","false","8","kg","64","false","64","false","0","false","281","0","281","0","false","true",
"C","A","20180101","2018","52","2018","360","IDN","Indonesia","M","Import","392","JPN","Japan","0","W00","World","H5","HS","true","1006","Rice","4","false","C00","TOTAL CPC","0","0","TOTAL MOT","8","kg","234","false","8","kg","234","false","234","false","0","false","1747","0","1747","0","false","true",
"C","A","20180101","2018","52","2018","360","IDN","Indonesia","M","Import","512","OMN","Oman","0","W00","World","H5","HS","true","1006","Rice","4","false","C00","TOTAL CPC","0","0","TOTAL MOT","8","kg","60","false","8","kg","60","false","60","false","0","false","517","0","517","0","false","true",
"C","A","20180101","2018","52","2018","360","IDN","Indonesia","M","Import","586","PAK","Pakistan","0","W00","World","H5","HS","true","1006","Rice","4","false","C00","TOTAL CPC","0","0","TOTAL MOT","8","kg","310990000","false","8","kg","310990000","false","310990000","false","0","false","134415950","0","134415950","0","false","true",
"C","A","20180101","2018","52","2018","360","IDN","Indonesia","M","Import","608","PHL","Philippines","0","W00","World","H5","HS","true","1006","Rice","4","false","C00","TOTAL CPC","0","0","TOTAL MOT","8","kg","330","false","8","kg","330","false","330","false","0","false","2440","0","2440","0","false","true",
"C","A","20180101","2018","52","2018","360","IDN","Indonesia","M","Import","634","QAT","Qatar","0","W00","World","H5","HS","true","1006","Rice","4","false","C00","TOTAL CPC","0","0","TOTAL MOT","8","kg","24","false","8","kg","24","false","24","false","0","false","100","0","100","0","false","true",
"C","A","20180101","2018","52","2018","360","IDN","Indonesia","M","Import","699","IND","India","0","W00","World","H5","HS","true","1006","Rice","4","false","C00","TOTAL CPC","0","0","TOTAL MOT","8","kg","337999142","false","8","kg","337999142","false","337999142","false","0","false","139158549","0","139158549","0","false","true",
"C","A","20180101","2018","52","2018","360","IDN","Indonesia","M","Import","702","SGP","Singapore","0","W00","World","H5","HS","true","1006","Rice","4","false","C00","TOTAL CPC","0","0","TOTAL MOT","8","kg","31","false","8","kg","31","false","31","false","0","false","320","0","320","0","false","true",
"C","A","20180101","2018","52","2018","360","IDN","Indonesia","M","Import","704","VNM","Viet Nam","0","W00","World","H5","HS","true","1006","Rice","4","false","C00","TOTAL CPC","0","0","TOTAL MOT","8","kg","767180900","false","8","kg","767180900","false","767180900","false","0","false","360745642","0","360745642","0","false","true",
"C","A","20180101","2018","52","2018","360","IDN","Indonesia","M","Import","764","THA","Thailand","0","W00","World","H5","HS","true","1006","Rice","4","false","C00","TOTAL CPC","0","0","TOTAL MOT","8","kg","795600100","false","8","kg","795600100","false","795600100","false","0","false","386533704","0","386533704","0","false","true",
"C","A","20190101","2019","52","2019","360","IDN","Indonesia","M","Import","0","W00","World","0","W00","World","H5","HS","true","1005","Maize (corn)","4","false","C00","TOTAL CPC","0","0","TOTAL MOT","8","kg","1016691551","false","8","kg","1016691551","false","1016691551","false","0","false","212684129","0","212684129","0","false","true",
"C","A","20190101","2019","52","2019","360","IDN","Indonesia","M","Import","32","ARG","Argentina","0","W00","World","H5","HS","true","1005","Maize (corn)","4","false","C00","TOTAL CPC","0","0","TOTAL MOT","8","kg","777602410","false","8","kg","777602410","false","777602410","false","0","false","159670597","0","159670597","0","false","true",
"C","A","20190101","2019","52","2019","360","IDN","Indonesia","M","Import","36","AUS","Australia","0","W00","World","H5","HS","true","1005","Maize (corn)","4","false","C00","TOTAL CPC","0","0","TOTAL MOT","8","kg","1400001","false","8","kg","1400001","false","1400001","false","0","false","998687","0","998687","0","false","true",
"C","A","20190101","2019","52","2019","360","IDN","Indonesia","M","Import","76","BRA","Brazil","0","W00","World","H5","HS","true","1005","Maize (corn)","4","false","C00","TOTAL CPC","0","0","TOTAL MOT","8","kg","231189925","false","8","kg","231189925","false","231189925","false","0","false","47201681","0","47201681","0","false","true",
"C","A","20190101","2019","52","2019","360","IDN","Indonesia","M","Import","276","DEU","Germany","0","W00","World","H5","HS","true","1005","Maize (corn)","4","false","C00","TOTAL CPC","0","0","TOTAL MOT","8","kg","10","false","8","kg","10","false","10","false","0","false","75","0","75","0","false","true",
"C","A","20190101","2019","52","2019","360","IDN","Indonesia","M","Import","458","MYS","Malaysia","0","W00","World","H5","HS","true","1005","Maize (corn)","4","false","C00","TOTAL CPC","0","0","TOTAL MOT","8","kg","13620","false","8","kg","13620","false","13620","false","0","false","9000","0","9000","0","false","true",
"C","A","20190101","2019","52","2019","360","IDN","Indonesia","M","Import","528","NLD","Netherlands","0","W00","World","H5","HS","true","1005","Maize (corn)","4","false","C00","TOTAL CPC","0","0","TOTAL MOT","8","kg","2","false","8","kg","2","false","2","false","0","false","150","0","150","0","false","true",
"C","A","20190101","2019","52","2019","360","IDN","Indonesia","M","Import","608","PHL","Philippines","0","W00","World","H5","HS","true","1005","Maize (corn)","4","false","C00","TOTAL CPC","0","0","TOTAL MOT","8","kg","264","false","8","kg","264","false","264","false","0","false","2042","0","2042","0","false","true",
"C","A","20190101","2019","52","2019","360","IDN","Indonesia","M","Import","642","ROU","Romania","0","W00","World","H5","HS","true","1005","Maize (corn)","4","false","C00","TOTAL CPC","0","0","TOTAL MOT","8","kg","21340","false","8","kg","21340","false","21340","false","0","false","8416","0","8416","0","false","true",
"C","A","20190101","2019","52","2019","360","IDN","Indonesia","M","Import","699","IND","India","0","W00","World","H5","HS","true","1005","Maize (corn)","4","false","C00","TOTAL CPC","0","0","TOTAL MOT","8","kg","63734","false","8","kg","63734","false","63734","false","0","false","1467946","0","1467946","0","false","true",
"C","A","20190101","2019","52","2019","360","IDN","Indonesia","M","Import","702","SGP","Singapore","0","W00","World","H5","HS","true","1005","Maize (corn)","4","false","C00","TOTAL CPC","0","0","TOTAL MOT","8","kg","15000","false","8","kg","15000","false","15000","false","0","false","54092","0","54092","0","false","true",
"C","A","20190101","2019","52","2019","360","IDN","Indonesia","M","Import","710","ZAF","South Africa","0","W00","World","H5","HS","true","1005","Maize (corn)","4","false","C00","TOTAL CPC","0","0","TOTAL MOT","8","kg","156000","false","8","kg","156000","false","156000","false","0","false","84810","0","84810","0","false","true",
"C","A","20190101","2019","52","2019","360","IDN","Indonesia","M","Import","764","THA","Thailand","0","W00","World","H5","HS","true","1005","Maize (corn)","4","false","C00","TOTAL CPC","0","0","TOTAL MOT","8","kg","75404","false","8","kg","75404","false","75404","false","0","false","489894","0","489894","0","false","true",
"C","A","20190101","2019","52","2019","360","IDN","Indonesia","M","Import","784","ARE","United Arab Emirates","0","W00","World","H5","HS","true","1005","Maize (corn)","4","false","C00","TOTAL CPC","0","0","TOTAL MOT","8","kg","9","false","8","kg","9","false","9","false","0","false","18","0","18","0","false","true",
"C","A","20190101","2019","52","2019","360","IDN","Indonesia","M","Import","826","GBR","United Kingdom","0","W00","World","H5","HS","true","1005","Maize (corn)","4","false","C00","TOTAL CPC","0","0","TOTAL MOT","8","kg","3","false","8","kg","3","false","3","false","0","false","26","0","26","0","false","true",
"C","A","20190101","2019","52","2019","360","IDN","Indonesia","M","Import","842","USA","USA","0","W00","World","H5","HS","true","1005","Maize (corn)","4","false","C00","TOTAL CPC","0","0","TOTAL MOT","8","kg","6153829","false","8","kg","6153829","false","6153829","false","0","false","2696695","0","2696695","0","false","true",
"C","A","20190101","2019","52","2019","360","IDN","Indonesia","M","Import","0","W00","World","0","W00","World","H5","HS","true","1006","Rice","4","false","C00","TOTAL CPC","0","0","TOTAL MOT","8","kg","444508796","false","8","kg","444508796","false","444508796","false","0","false","184254091","0","184254091","0","false","true",
"C","A","20190101","2019","52","2019","360","IDN","Indonesia","M","Import","48","BHR","Bahrain","0","W00","World","H5","HS","true","1006","Rice","4","false","C00","TOTAL CPC","0","0","TOTAL MOT","8","kg","3000","false","8","kg","3000","false","3000","false","0","false","500","0","500","0","false","true",
"C","A","20190101","2019","52","2019","360","IDN","Indonesia","M","Import","104","MMR","Myanmar","0","W00","World","H5","HS","true","1006","Rice","4","false","C00","TOTAL CPC","0","0","TOTAL MOT","8","kg","166700630","false","8","kg","166700630","false","166700630","false","0","false","56287188","0","56287188","0","false","true",
"C","A","20190101","2019","52","2019","360","IDN","Indonesia","M","Import","156","CHN","China","0","W00","World","H5","HS","true","1006","Rice","4","false","C00","TOTAL CPC","0","0","TOTAL MOT","8","kg","24269","false","8","kg","24269","false","24269","false","0","false","482499","0","482499","0","false","true",
"C","A","20190101","2019","52","2019","360","IDN","Indonesia","M","Import","392","JPN","Japan","0","W00","World","H5","HS","true","1006","Rice","4","false","C00","TOTAL CPC","0","0","TOTAL MOT","8","kg","90036","false","8","kg","90036","false","90036","false","0","false","243202","0","243202","0","false","true",
"C","A","20190101","2019","52","2019","360","IDN","Indonesia","M","Import","410","KOR","Rep. of Korea","0","W00","World","H5","HS","true","1006","Rice","4","false","C00","TOTAL CPC","0","0","TOTAL MOT","8","kg","9","false","8","kg","9","false","9","false","0","false","45","0","45","0","false","true",
"C","A","20190101","2019","52","2019","360","IDN","Indonesia","M","Import","458","MYS","Malaysia","0","W00","World","H5","HS","true","1006","Rice","4","false","C00","TOTAL CPC","0","0","TOTAL MOT","8","kg","330","false","8","kg","330","false","330","false","0","false","121","0","121","0","false","true",
"C","A","20190101","2019","52","2019","360","IDN","Indonesia","M","Import","586","PAK","Pakistan","0","W00","World","H5","HS","true","1006","Rice","4","false","C00","TOTAL CPC","0","0","TOTAL MOT","8","kg","182564850","false","8","kg","182564850","false","182564850","false","0","false","67819907","0","67819907","0","false","true",
"C","A","20190101","2019","52","2019","360","IDN","Indonesia","M","Import","608","PHL","Philippines","0","W00","World","H5","HS","true","1006","Rice","4","false","C00","TOTAL CPC","0","0","TOTAL MOT","8","kg","366","false","8","kg","366","false","366","false","0","false","1636","0","1636","0","false","true",
"C","A","20190101","2019","52","2019","360","IDN","Indonesia","M","Import","682","SAU","Saudi Arabia","0","W00","World","H5","HS","true","1006","Rice","4","false","C00","TOTAL CPC","0","0","TOTAL MOT","8","kg","30","false","8","kg","30","false","30","false","0","false","78","0","78","0","false","true",
"C","A","20190101","2019","52","2019","360","IDN","Indonesia","M","Import","699","IND","India","0","W00","World","H5","HS","true","1006","Rice","4","false","C00","TOTAL CPC","0","0","TOTAL MOT","8","kg","7973303","false","8","kg","7973303","false","7973303","false","0","false","3018528","0","3018528","0","false","true",
"C","A","20190101","2019","52","2019","360","IDN","Indonesia","M","Import","704","VNM","Viet Nam","0","W00","World","H5","HS","true","1006","Rice","4","false","C00","TOTAL CPC","0","0","TOTAL MOT","8","kg","33133061","false","8","kg","33133061","false","33133061","false","0","false","16609470","0","16609470","0","false","true",
"C","A","20190101","2019","52","2019","360","IDN","Indonesia","M","Import","764","THA","Thailand","0","W00","World","H5","HS","true","1006","Rice","4","false","C00","TOTAL CPC","0","0","TOTAL MOT","8","kg","53278002","false","8","kg","53278002","false","53278002","false","0","false","38561470","0","38561470","0","false","true",
"C","A","20190101","2019","52","2019","360","IDN","Indonesia","M","Import","842","USA","USA","0","W00","World","H5","HS","true","1006","Rice","4","false","C00","TOTAL CPC","0","0","TOTAL MOT","8","kg","740910","false","8","kg","740910","false","740910","false","0","false","1229447","0","1229447","0","false","true",
"C","A","20200101","2020","52","2020","360","IDN","Indonesia","M","Import","0","W00","World","0","W00","World","H5","HS","true","1005","Maize (corn)","4","false","C00","TOTAL CPC","0","0","TOTAL MOT","8","kg","865652823","false","8","kg","865652823","false","865652823","false","0","false","172649320","0","172649320","0","false","true",
"C","A","20200101","2020","52","2020","360","IDN","Indonesia","M","Import","32","ARG","Argentina","0","W00","World","H5","HS","true","1005","Maize (corn)","4","false","C00","TOTAL CPC","0","0","TOTAL MOT","8","kg","649057558","false","8","kg","649057558","false","649057558","false","0","false","129164102","0","129164102","0","false","true",
"C","A","20200101","2020","52","2020","360","IDN","Indonesia","M","Import","36","AUS","Australia","0","W00","World","H5","HS","true","1005","Maize (corn)","4","false","C00","TOTAL CPC","0","0","TOTAL MOT","8","kg","900079","false","8","kg","900079","false","900079","false","0","false","629157","0","629157","0","false","true",
"C","A","20200101","2020","52","2020","360","IDN","Indonesia","M","Import","76","BRA","Brazil","0","W00","World","H5","HS","true","1005","Maize (corn)","4","false","C00","TOTAL CPC","0","0","TOTAL MOT","8","kg","183030686","false","8","kg","183030686","false","183030686","false","0","false","34656178","0","34656178","0","false","true",
"C","A","20200101","2020","52","2020","360","IDN","Indonesia","M","Import","251","FRA","France","0","W00","World","H5","HS","true","1005","Maize (corn)","4","false","C00","TOTAL CPC","0","0","TOTAL MOT","8","kg","3","false","8","kg","3","false","3","false","0","false","48","0","48","0","false","true",
"C","A","20200101","2020","52","2020","360","IDN","Indonesia","M","Import","392","JPN","Japan","0","W00","World","H5","HS","true","1005","Maize (corn)","4","false","C00","TOTAL CPC","0","0","TOTAL MOT","8","kg","13","false","8","kg","13","false","13","false","0","false","432","0","432","0","false","true",
"C","A","20200101","2020","52","2020","360","IDN","Indonesia","M","Import","458","MYS","Malaysia","0","W00","World","H5","HS","true","1005","Maize (corn)","4","false","C00","TOTAL CPC","0","0","TOTAL MOT","8","kg","60471","false","8","kg","60471","false","60471","false","0","false","39294","0","39294","0","false","true",
"C","A","20200101","2020","52","2020","360","IDN","Indonesia","M","Import","490","S19","Other Asia, nes","0","W00","World","H5","HS","true","1005","Maize (corn)","4","false","C00","TOTAL CPC","0","0","TOTAL MOT","8","kg","6","false","8","kg","6","false","6","false","0","false","38","0","38","0","false","true",
"C","A","20200101","2020","52","2020","360","IDN","Indonesia","M","Import","608","PHL","Philippines","0","W00","World","H5","HS","true","1005","Maize (corn)","4","false","C00","TOTAL CPC","0","0","TOTAL MOT","8","kg","141","false","8","kg","141","false","141","false","0","false","425","0","425","0","false","true",
"C","A","20200101","2020","52","2020","360","IDN","Indonesia","M","Import","642","ROU","Romania","0","W00","World","H5","HS","true","1005","Maize (corn)","4","false","C00","TOTAL CPC","0","0","TOTAL MOT","8","kg","387740","false","8","kg","387740","false","387740","false","0","false","173350","0","173350","0","false","true",
"C","A","20200101","2020","52","2020","360","IDN","Indonesia","M","Import","699","IND","India","0","W00","World","H5","HS","true","1005","Maize (corn)","4","false","C00","TOTAL CPC","0","0","TOTAL MOT","8","kg","3783","false","8","kg","3783","false","3783","false","0","false","5293","0","5293","0","false","true",
"C","A","20200101","2020","52","2020","360","IDN","Indonesia","M","Import","702","SGP","Singapore","0","W00","World","H5","HS","true","1005","Maize (corn)","4","false","C00","TOTAL CPC","0","0","TOTAL MOT","8","kg","119","false","8","kg","119","false","119","false","0","false","1353","0","1353","0","false","true",
"C","A","20200101","2020","52","2020","360","IDN","Indonesia","M","Import","704","VNM","Viet Nam","0","W00","World","H5","HS","true","1005","Maize (corn)","4","false","C00","TOTAL CPC","0","0","TOTAL MOT","8","kg","21","false","8","kg","21","false","21","false","0","false","126","0","126","0","false","true",
"C","A","20200101","2020","52","2020","360","IDN","Indonesia","M","Import","710","ZAF","South Africa","0","W00","World","H5","HS","true","1005","Maize (corn)","4","false","C00","TOTAL CPC","0","0","TOTAL MOT","8","kg","338000","false","8","kg","338000","false","338000","false","0","false","175427","0","175427","0","false","true",
"C","A","20200101","2020","52","2020","360","IDN","Indonesia","M","Import","764","THA","Thailand","0","W00","World","H5","HS","true","1005","Maize (corn)","4","false","C00","TOTAL CPC","0","0","TOTAL MOT","8","kg","20865","false","8","kg","20865","false","20865","false","0","false","93211","0","93211","0","false","true",
"C","A","20200101","2020","52","2020","360","IDN","Indonesia","M","Import","826","GBR","United Kingdom","0","W00","World","H5","HS","true","1005","Maize (corn)","4","false","C00","TOTAL CPC","0","0","TOTAL MOT","8","kg","12","false","8","kg","12","false","12","false","0","false","29","0","29","0","false","true",
"C","A","20200101","2020","52","2020","360","IDN","Indonesia","M","Import","842","USA","USA","0","W00","World","H5","HS","true","1005","Maize (corn)","4","false","C00","TOTAL CPC","0","0","TOTAL MOT","8","kg","31853326","false","8","kg","31853326","false","31853326","false","0","false","7710857","0","7710857","0","false","true",
"C","A","20200101","2020","52","2020","360","IDN","Indonesia","M","Import","0","W00","World","0","W00","World","H5","HS","true","1006","Rice","4","false","C00","TOTAL CPC","0","0","TOTAL MOT","8","kg","356286267","false","8","kg","356286267","false","356286267","false","0","false","195409001","0","195409001","0","false","true",
"C","A","20200101","2020","52","2020","360","IDN","Indonesia","M","Import","36","AUS","Australia","0","W00","World","H5","HS","true","1006","Rice","4","false","C00","TOTAL CPC","0","0","TOTAL MOT","8","kg","84","false","8","kg","84","false","84","false","0","false","86","0","86","0","false","true",
"C","A","20200101","2020","52","2020","360","IDN","Indonesia","M","Import","104","MMR","Myanmar","0","W00","World","H5","HS","true","1006","Rice","4","false","C00","TOTAL CPC","0","0","TOTAL MOT","8","kg","57841407","false","8","kg","57841407","false","57841407","false","0","false","21147827","0","21147827","0","false","true",
"C","A","20200101","2020","52","2020","360","IDN","Indonesia","M","Import","156","CHN","China","0","W00","World","H5","HS","true","1006","Rice","4","false","C00","TOTAL CPC","0","0","TOTAL MOT","8","kg","23760","false","8","kg","23760","false","23760","false","0","false","479328","0","479328","0","false","true",
"C","A","20200101","2020","52","2020","360","IDN","Indonesia","M","Import","276","DEU","Germany","0","W00","World","H5","HS","true","1006","Rice","4","false","C00","TOTAL CPC","0","0","TOTAL MOT","8","kg","6","false","8","kg","6","false","6","false","0","false","148","0","148","0","false","true",
"C","A","20200101","2020","52","2020","360","IDN","Indonesia","M","Import","344","HKG","China, Hong Kong SAR","0","W00","World","H5","HS","true","1006","Rice","4","false","C00","TOTAL CPC","0","0","TOTAL MOT","8","kg","1","false","8","kg","1","false","1","false","0","false","39","0","39","0","false","true",
"C","A","20200101","2020","52","2020","360","IDN","Indonesia","M","Import","392","JPN","Japan","0","W00","World","H5","HS","true","1006","Rice","4","false","C00","TOTAL CPC","0","0","TOTAL MOT","8","kg","326","false","8","kg","326","false","326","false","0","false","1182","0","1182","0","false","true",
"C","A","20200101","2020","52","2020","360","IDN","Indonesia","M","Import","410","KOR","Rep. of Korea","0","W00","World","H5","HS","true","1006","Rice","4","false","C00","TOTAL CPC","0","0","TOTAL MOT","8","kg","6","false","8","kg","6","false","6","false","0","false","53","0","53","0","false","true",
"C","A","20200101","2020","52","2020","360","IDN","Indonesia","M","Import","458","MYS","Malaysia","0","W00","World","H5","HS","true","1006","Rice","4","false","C00","TOTAL CPC","0","0","TOTAL MOT","8","kg","1","false","8","kg","1","false","1","false","0","false","5","0","5","0","false","true",
"C","A","20200101","2020","52","2020","360","IDN","Indonesia","M","Import","490","S19","Other Asia, nes","0","W00","World","H5","HS","true","1006","Rice","4","false","C00","TOTAL CPC","0","0","TOTAL MOT","8","kg","6","false","8","kg","6","false","6","false","0","false","100","0","100","0","false","true",
"C","A","20200101","2020","52","2020","360","IDN","Indonesia","M","Import","528","NLD","Netherlands","0","W00","World","H5","HS","true","1006","Rice","4","false","C00","TOTAL CPC","0","0","TOTAL MOT","8","kg","2","false","8","kg","2","false","2","false","0","false","7","0","7","0","false","true",
"C","A","20200101","2020","52","2020","360","IDN","Indonesia","M","Import","586","PAK","Pakistan","0","W00","World","H5","HS","true","1006","Rice","4","false","C00","TOTAL CPC","0","0","TOTAL MOT","8","kg","110516504","false","8","kg","110516504","false","110516504","false","0","false","41519847","0","41519847","0","false","true",
"C","A","20200101","2020","52","2020","360","IDN","Indonesia","M","Import","608","PHL","Philippines","0","W00","World","H5","HS","true","1006","Rice","4","false","C00","TOTAL CPC","0","0","TOTAL MOT","8","kg","147","false","8","kg","147","false","147","false","0","false","767","0","767","0","false","true",
"C","A","20200101","2020","52","2020","360","IDN","Indonesia","M","Import","699","IND","India","0","W00","World","H5","HS","true","1006","Rice","4","false","C00","TOTAL CPC","0","0","TOTAL MOT","8","kg","10594382","false","8","kg","10594382","false","10594382","false","0","false","4849296","0","4849296","0","false","true",
"C","A","20200101","2020","52","2020","360","IDN","Indonesia","M","Import","702","SGP","Singapore","0","W00","World","H5","HS","true","1006","Rice","4","false","C00","TOTAL CPC","0","0","TOTAL MOT","8","kg","101","false","8","kg","101","false","101","false","0","false","765","0","765","0","false","true",
"C","A","20200101","2020","52","2020","360","IDN","Indonesia","M","Import","704","VNM","Viet Nam","0","W00","World","H5","HS","true","1006","Rice","4","false","C00","TOTAL CPC","0","0","TOTAL MOT","8","kg","88716416","false","8","kg","88716416","false","88716416","false","0","false","51107456","0","51107456","0","false","true",
"C","A","20200101","2020","52","2020","360","IDN","Indonesia","M","Import","764","THA","Thailand","0","W00","World","H5","HS","true","1006","Rice","4","false","C00","TOTAL CPC","0","0","TOTAL MOT","8","kg","88593056","false","8","kg","88593056","false","88593056","false","0","false","76301641","0","76301641","0","false","true",
"C","A","20200101","2020","52","2020","360","IDN","Indonesia","M","Import","826","GBR","United Kingdom","0","W00","World","H5","HS","true","1006","Rice","4","false","C00","TOTAL CPC","0","0","TOTAL MOT","8","kg","35","false","8","kg","35","false","35","false","0","false","123","0","123","0","false","true",
"C","A","20200101","2020","52","2020","360","IDN","Indonesia","M","Import","842","USA","USA","0","W00","World","H5","HS","true","1006","Rice","4","false","C00","TOTAL CPC","0","0","TOTAL MOT","8","kg","27","false","8","kg","27","false","27","false","0","false","331","0","331","0","false","true",
"C","A","20210101","2021","52","2021","360","IDN","Indonesia","M","Import","0","W00","World","0","W00","World","H5","HS","true","1005","Maize (corn)","4","false","C00","TOTAL CPC","0","0","TOTAL MOT","8","kg","995998893","false","8","kg","995998893","false","995998893","false","0","false","297296459","0","297296459","0","false","true",
"C","A","20210101","2021","52","2021","360","IDN","Indonesia","M","Import","32","ARG","Argentina","0","W00","World","H5","HS","true","1005","Maize (corn)","4","false","C00","TOTAL CPC","0","0","TOTAL MOT","8","kg","610928045","false","8","kg","610928045","false","610928045","false","0","false","186260158","0","186260158","0","false","true",
"C","A","20210101","2021","52","2021","360","IDN","Indonesia","M","Import","36","AUS","Australia","0","W00","World","H5","HS","true","1005","Maize (corn)","4","false","C00","TOTAL CPC","0","0","TOTAL MOT","8","kg","300002","false","8","kg","300002","false","300002","false","0","false","190820","0","190820","0","false","true",
"C","A","20210101","2021","52","2021","360","IDN","Indonesia","M","Import","76","BRA","Brazil","0","W00","World","H5","HS","true","1005","Maize (corn)","4","false","C00","TOTAL CPC","0","0","TOTAL MOT","8","kg","175807550","false","8","kg","175807550","false","175807550","false","0","false","47619757","0","47619757","0","false","true",
"C","A","20210101","2021","52","2021","360","IDN","Indonesia","M","Import","251","FRA","France","0","W00","World","H5","HS","true","1005","Maize (corn)","4","false","C00","TOTAL CPC","0","0","TOTAL MOT","8","kg","1","false","8","kg","1","false","1","false","0","false","16","0","16","0","false","true",
"C","A","20210101","2021","52","2021","360","IDN","Indonesia","M","Import","484","MEX","Mexico","0","W00","World","H5","HS","true","1005","Maize (corn)","4","false","C00","TOTAL CPC","0","0","TOTAL MOT","8","kg","60","false","8","kg","60","false","60","false","0","false","60","0","60","0","false","true",
"C","A","20210101","2021","52","2021","360","IDN","Indonesia","M","Import","586","PAK","Pakistan","0","W00","World","H5","HS","true","1005","Maize (corn)","4","false","C00","TOTAL CPC","0","0","TOTAL MOT","8","kg","1012300","false","8","kg","1012300","false","1012300","false","0","false","296603","0","296603","0","false","true",
"C","A","20210101","2021","52","2021","360","IDN","Indonesia","M","Import","608","PHL","Philippines","0","W00","World","H5","HS","true","1005","Maize (corn)","4","false","C00","TOTAL CPC","0","0","TOTAL MOT","8","kg","177","false","8","kg","177","false","177","false","0","false","1835","0","1835","0","false","true",
"C","A","20210101","2021","52","2021","360","IDN","Indonesia","M","Import","699","IND","India","0","W00","World","H5","HS","true","1005","Maize (corn)","4","false","C00","TOTAL CPC","0","0","TOTAL MOT","8","kg","771","false","8","kg","771","false","771","false","0","false","2090","0","2090","0","false","true",
"C","A","20210101","2021","52","2021","360","IDN","Indonesia","M","Import","702","SGP","Singapore","0","W00","World","H5","HS","true","1005","Maize (corn)","4","false","C00","TOTAL CPC","0","0","TOTAL MOT","8","kg","35","false","8","kg","35","false","35","false","0","false","206","0","206","0","false","true",
"C","A","20210101","2021","52","2021","360","IDN","Indonesia","M","Import","764","THA","Thailand","0","W00","World","H5","HS","true","1005","Maize (corn)","4","false","C00","TOTAL CPC","0","0","TOTAL MOT","8","kg","32540882","false","8","kg","32540882","false","32540882","false","0","false","12084779","0","12084779","0","false","true",
"C","A","20210101","2021","52","2021","360","IDN","Indonesia","M","Import","804","UKR","Ukraine","0","W00","World","H5","HS","true","1005","Maize (corn)","4","false","C00","TOTAL CPC","0","0","TOTAL MOT","8","kg","27834400","false","8","kg","27834400","false","27834400","false","0","false","9811332","0","9811332","0","false","true",
"C","A","20210101","2021","52","2021","360","IDN","Indonesia","M","Import","826","GBR","United Kingdom","0","W00","World","H5","HS","true","1005","Maize (corn)","4","false","C00","TOTAL CPC","0","0","TOTAL MOT","8","kg","2","false","8","kg","2","false","2","false","0","false","8","0","8","0","false","true",
"C","A","20210101","2021","52","2021","360","IDN","Indonesia","M","Import","842","USA","USA","0","W00","World","H5","HS","true","1005","Maize (corn)","4","false","C00","TOTAL CPC","0","0","TOTAL MOT","8","kg","147574668","false","8","kg","147574668","false","147574668","false","0","false","41028795","0","41028795","0","false","true",
"C","A","20210101","2021","52","2021","360","IDN","Indonesia","M","Import","0","W00","World","0","W00","World","H5","HS","true","1006","Rice","4","false","C00","TOTAL CPC","0","0","TOTAL MOT","8","kg","407741478","false","8","kg","407741478","false","407741478","false","0","false","183801804","0","183801804","0","false","true",
"C","A","20210101","2021","52","2021","360","IDN","Indonesia","M","Import","36","AUS","Australia","0","W00","World","H5","HS","true","1006","Rice","4","false","C00","TOTAL CPC","0","0","TOTAL MOT","8","kg","37","false","8","kg","37","false","37","false","0","false","16","0","16","0","false","true",
"C","A","20210101","2021","52","2021","360","IDN","Indonesia","M","Import","104","MMR","Myanmar","0","W00","World","H5","HS","true","1006","Rice","4","false","C00","TOTAL CPC","0","0","TOTAL MOT","8","kg","3790000","false","8","kg","3790000","false","3790000","false","0","false","1609412","0","1609412","0","false","true",
"C","A","20210101","2021","52","2021","360","IDN","Indonesia","M","Import","116","KHM","Cambodia","0","W00","World","H5","HS","true","1006","Rice","4","false","C00","TOTAL CPC","0","0","TOTAL MOT","8","kg","500000","false","8","kg","500000","false","500000","false","0","false","265750","0","265750","0","false","true",
"C","A","20210101","2021","52","2021","360","IDN","Indonesia","M","Import","156","CHN","China","0","W00","World","H5","HS","true","1006","Rice","4","false","C00","TOTAL CPC","0","0","TOTAL MOT","8","kg","42601","false","8","kg","42601","false","42601","false","0","false","850540","0","850540","0","false","true",
"C","A","20210101","2021","52","2021","360","IDN","Indonesia","M","Import","251","FRA","France","0","W00","World","H5","HS","true","1006","Rice","4","false","C00","TOTAL CPC","0","0","TOTAL MOT","8","kg","1","false","8","kg","1","false","1","false","0","false","8","0","8","0","false","true",
"C","A","20210101","2021","52","2021","360","IDN","Indonesia","M","Import","392","JPN","Japan","0","W00","World","H5","HS","true","1006","Rice","4","false","C00","TOTAL CPC","0","0","TOTAL MOT","8","kg","230291","false","8","kg","230291","false","230291","false","0","false","578860","0","578860","0","false","true",
"C","A","20210101","2021","52","2021","360","IDN","Indonesia","M","Import","458","MYS","Malaysia","0","W00","World","H5","HS","true","1006","Rice","4","false","C00","TOTAL CPC","0","0","TOTAL MOT","8","kg","13","false","8","kg","13","false","13","false","0","false","153","0","153","0","false","true",
"C","A","20210101","2021","52","2021","360","IDN","Indonesia","M","Import","490","S19","Other Asia, nes","0","W00","World","H5","HS","true","1006","Rice","4","false","C00","TOTAL CPC","0","0","TOTAL MOT","8","kg","1","false","8","kg","1","false","1","false","0","false","36","0","36","0","false","true",
"C","A","20210101","2021","52","2021","360","IDN","Indonesia","M","Import","586","PAK","Pakistan","0","W00","World","H5","HS","true","1006","Rice","4","false","C00","TOTAL CPC","0","0","TOTAL MOT","8","kg","52479011","false","8","kg","52479011","false","52479011","false","0","false","20322090","0","20322090","0","false","true",
"C","A","20210101","2021","52","2021","360","IDN","Indonesia","M","Import","682","SAU","Saudi Arabia","0","W00","World","H5","HS","true","1006","Rice","4","false","C00","TOTAL CPC","0","0","TOTAL MOT","8","kg","10","false","8","kg","10","false","10","false","0","false","106","0","106","0","false","true",
"C","A","20210101","2021","52","2021","360","IDN","Indonesia","M","Import","699","IND","India","0","W00","World","H5","HS","true","1006","Rice","4","false","C00","TOTAL CPC","0","0","TOTAL MOT","8","kg","215386518","false","8","kg","215386518","false","215386518","false","0","false","86276269","0","86276269","0","false","true",
"C","A","20210101","2021","52","2021","360","IDN","Indonesia","M","Import","702","SGP","Singapore","0","W00","World","H5","HS","true","1006","Rice","4","false","C00","TOTAL CPC","0","0","TOTAL MOT","8","kg","260051","false","8","kg","260051","false","260051","false","0","false","100468","0","100468","0","false","true",
"C","A","20210101","2021","52","2021","360","IDN","Indonesia","M","Import","704","VNM","Viet Nam","0","W00","World","H5","HS","true","1006","Rice","4","false","C00","TOTAL CPC","0","0","TOTAL MOT","8","kg","65692874","false","8","kg","65692874","false","65692874","false","0","false","32474509","0","32474509","0","false","true",
"C","A","20210101","2021","52","2021","360","IDN","Indonesia","M","Import","764","THA","Thailand","0","W00","World","H5","HS","true","1006","Rice","4","false","C00","TOTAL CPC","0","0","TOTAL MOT","8","kg","69360037","false","8","kg","69360037","false","69360037","false","0","false","41322578","0","41322578","0","false","true",
"C","A","20210101","2021","52","2021","360","IDN","Indonesia","M","Import","842","USA","USA","0","W00","World","H5","HS","true","1006","Rice","4","false","C00","TOTAL CPC","0","0","TOTAL MOT","8","kg","33","false","8","kg","33","false","33","false","0","false","1009","0","1009","0","false","true",
"C","A","20220101","2022","52","2022","360","IDN","Indonesia","M","Import","0","W00","World","0","W00","World","H6","HS","true","1005","Maize (corn)","4","false","C00","TOTAL CPC","0","0","TOTAL MOT","8","kg","1094237459","false","8","kg","1094237459","false","1094237459","false","0","false","394458245",,"394458245","0","false","true",
"C","A","20220101","2022","52","2022","360","IDN","Indonesia","M","Import","32","ARG","Argentina","0","W00","World","H6","HS","true","1005","Maize (corn)","4","false","C00","TOTAL CPC","0","0","TOTAL MOT","8","kg","881410021","false","8","kg","881410021","false","881410021","false","0","false","312496615",,"312496615","0","false","true",
"C","A","20220101","2022","52","2022","360","IDN","Indonesia","M","Import","36","AUS","Australia","0","W00","World","H6","HS","true","1005","Maize (corn)","4","false","C00","TOTAL CPC","0","0","TOTAL MOT","8","kg","240837","false","8","kg","240837","false","240837","false","0","false","158857",,"158857","0","false","true",
"C","A","20220101","2022","52","2022","360","IDN","Indonesia","M","Import","76","BRA","Brazil","0","W00","World","H6","HS","true","1005","Maize (corn)","4","false","C00","TOTAL CPC","0","0","TOTAL MOT","8","kg","107337575","false","8","kg","107337575","false","107337575","false","0","false","36871364",,"36871364","0","false","true",
"C","A","20220101","2022","52","2022","360","IDN","Indonesia","M","Import","251","FRA","France","0","W00","World","H6","HS","true","1005","Maize (corn)","4","false","C00","TOTAL CPC","0","0","TOTAL MOT","8","kg","8","false","8","kg","8","false","8","false","0","false","70",,"70","0","false","true",
"C","A","20220101","2022","52","2022","360","IDN","Indonesia","M","Import","458","MYS","Malaysia","0","W00","World","H6","HS","true","1005","Maize (corn)","4","false","C00","TOTAL CPC","0","0","TOTAL MOT","8","kg","37197","false","8","kg","37197","false","37197","false","0","false","34360",,"34360","0","false","true",
"C","A","20220101","2022","52","2022","360","IDN","Indonesia","M","Import","608","PHL","Philippines","0","W00","World","H6","HS","true","1005","Maize (corn)","4","false","C00","TOTAL CPC","0","0","TOTAL MOT","8","kg","423","false","8","kg","423","false","423","false","0","false","2849",,"2849","0","false","true",
"C","A","20220101","2022","52","2022","360","IDN","Indonesia","M","Import","699","IND","India","0","W00","World","H6","HS","true","1005","Maize (corn)","4","false","C00","TOTAL CPC","0","0","TOTAL MOT","8","kg","13855","false","8","kg","13855","false","13855","false","0","false","44271",,"44271","0","false","true",
"C","A","20220101","2022","52","2022","360","IDN","Indonesia","M","Import","702","SGP","Singapore","0","W00","World","H6","HS","true","1005","Maize (corn)","4","false","C00","TOTAL CPC","0","0","TOTAL MOT","8","kg","11","false","8","kg","11","false","11","false","0","false","204",,"204","0","false","true",
"C","A","20220101","2022","52","2022","360","IDN","Indonesia","M","Import","704","VNM","Viet Nam","0","W00","World","H6","HS","true","1005","Maize (corn)","4","false","C00","TOTAL CPC","0","0","TOTAL MOT","8","kg","76","false","8","kg","76","false","76","false","0","false","184",,"184","0","false","true",
"C","A","20220101","2022","52","2022","360","IDN","Indonesia","M","Import","710","ZAF","South Africa","0","W00","World","H6","HS","true","1005","Maize (corn)","4","false","C00","TOTAL CPC","0","0","TOTAL MOT","8","kg","363862","false","8","kg","363862","false","363862","false","0","false","293386",,"293386","0","false","true",
"C","A","20220101","2022","52","2022","360","IDN","Indonesia","M","Import","764","THA","Thailand","0","W00","World","H6","HS","true","1005","Maize (corn)","4","false","C00","TOTAL CPC","0","0","TOTAL MOT","8","kg","154034","false","8","kg","154034","false","154034","false","0","false","787371",,"787371","0","false","true",
"C","A","20220101","2022","52","2022","360","IDN","Indonesia","M","Import","804","UKR","Ukraine","0","W00","World","H6","HS","true","1005","Maize (corn)","4","false","C00","TOTAL CPC","0","0","TOTAL MOT","8","kg","33000000","false","8","kg","33000000","false","33000000","false","0","false","11055001",,"11055001","0","false","true",
"C","A","20220101","2022","52","2022","360","IDN","Indonesia","M","Import","842","USA","USA","0","W00","World","H6","HS","true","1005","Maize (corn)","4","false","C00","TOTAL CPC","0","0","TOTAL MOT","8","kg","71679560","false","8","kg","71679560","false","71679560","false","0","false","32713713",,"32713713","0","false","true",
"C","A","20220101","2022","52","2022","360","IDN","Indonesia","M","Import","0","W00","World","0","W00","World","H6","HS","true","1006","Rice","4","false","C00","TOTAL CPC","0","0","TOTAL MOT","8","kg","429207317","false","8","kg","429207317","false","429207317","false","0","false","202042182",,"202042182","0","false","true",
"C","A","20220101","2022","52","2022","360","IDN","Indonesia","M","Import","36","AUS","Australia","0","W00","World","H6","HS","true","1006","Rice","4","false","C00","TOTAL CPC","0","0","TOTAL MOT","8","kg","4","false","8","kg","4","false","4","false","0","false","7",,"7","0","false","true",
"C","A","20220101","2022","52","2022","360","IDN","Indonesia","M","Import","104","MMR","Myanmar","0","W00","World","H6","HS","true","1006","Rice","4","false","C00","TOTAL CPC","0","0","TOTAL MOT","8","kg","3830000","false","8","kg","3830000","false","3830000","false","0","false","1478240",,"1478240","0","false","true",
"C","A","20220101","2022","52","2022","360","IDN","Indonesia","M","Import","156","CHN","China","0","W00","World","H6","HS","true","1006","Rice","4","false","C00","TOTAL CPC","0","0","TOTAL MOT","8","kg","6000","false","8","kg","6000","false","6000","false","0","false","120000",,"120000","0","false","true",
"C","A","20220101","2022","52","2022","360","IDN","Indonesia","M","Import","380","ITA","Italy","0","W00","World","H6","HS","true","1006","Rice","4","false","C00","TOTAL CPC","0","0","TOTAL MOT","8","kg","1","false","8","kg","1","false","1","false","0","false","20",,"20","0","false","true",
"C","A","20220101","2022","52","2022","360","IDN","Indonesia","M","Import","392","JPN","Japan","0","W00","World","H6","HS","true","1006","Rice","4","false","C00","TOTAL CPC","0","0","TOTAL MOT","8","kg","56087","false","8","kg","56087","false","56087","false","0","false","150306",,"150306","0","false","true",
"C","A","20220101","2022","52","2022","360","IDN","Indonesia","M","Import","410","KOR","Rep. of Korea","0","W00","World","H6","HS","true","1006","Rice","4","false","C00","TOTAL CPC","0","0","TOTAL MOT","8","kg","5","false","8","kg","5","false","5","false","0","false","54",,"54","0","false","true",
"C","A","20220101","2022","52","2022","360","IDN","Indonesia","M","Import","458","MYS","Malaysia","0","W00","World","H6","HS","true","1006","Rice","4","false","C00","TOTAL CPC","0","0","TOTAL MOT","8","kg","8","false","8","kg","8","false","8","false","0","false","3",,"3","0","false","true",
"C","A","20220101","2022","52","2022","360","IDN","Indonesia","M","Import","586","PAK","Pakistan","0","W00","World","H6","HS","true","1006","Rice","4","false","C00","TOTAL CPC","0","0","TOTAL MOT","8","kg","84407000","false","8","kg","84407000","false","84407000","false","0","false","35843488",,"35843488","0","false","true",
"C","A","20220101","2022","52","2022","360","IDN","Indonesia","M","Import","699","IND","India","0","W00","World","H6","HS","true","1006","Rice","4","false","C00","TOTAL CPC","0","0","TOTAL MOT","8","kg","178533619","false","8","kg","178533619","false","178533619","false","0","false","77739707",,"77739707","0","false","true",
"C","A","20220101","2022","52","2022","360","IDN","Indonesia","M","Import","702","SGP","Singapore","0","W00","World","H6","HS","true","1006","Rice","4","false","C00","TOTAL CPC","0","0","TOTAL MOT","8","kg","364042","false","8","kg","364042","false","364042","false","0","false","153961",,"153961","0","false","true",
"C","A","20220101","2022","52","2022","360","IDN","Indonesia","M","Import","704","VNM","Viet Nam","0","W00","World","H6","HS","true","1006","Rice","4","false","C00","TOTAL CPC","0","0","TOTAL MOT","8","kg","81828040","false","8","kg","81828040","false","81828040","false","0","false","42464321",,"42464321","0","false","true",
"C","A","20220101","2022","52","2022","360","IDN","Indonesia","M","Import","710","ZAF","South Africa","0","W00","World","H6","HS","true","1006","Rice","4","false","C00","TOTAL CPC","0","0","TOTAL MOT","8","kg","3","false","8","kg","3","false","3","false","0","false","5",,"5","0","false","true",
"C","A","20220101","2022","52","2022","360","IDN","Indonesia","M","Import","764","THA","Thailand","0","W00","World","H6","HS","true","1006","Rice","4","false","C00","TOTAL CPC","0","0","TOTAL MOT","8","kg","80182506","false","8","kg","80182506","false","80182506","false","0","false","44092018",,"44092018","0","false","true",
"C","A","20220101","2022","52","2022","360","IDN","Indonesia","M","Import","842","USA","USA","0","W00","World","H6","HS","true","1006","Rice","4","false","C00","TOTAL CPC","0","0","TOTAL MOT","8","kg","2","false","8","kg","2","false","2","false","0","false","52",,"52","0","false","true",
"C","A","20230101","2023","52","2023","360","IDN","Indonesia","M","Import","0","W00","World","0","W00","World","H6","HS","true","1005","Maize (corn)","4","false","C00","TOTAL CPC","0","0","TOTAL MOT","8","kg","1235846337","false","8","kg","1235846337","false","1235846337","false","0","false","367689953",,"367689953","0","false","true",
"C","A","20230101","2023","52","2023","360","IDN","Indonesia","M","Import","32","ARG","Argentina","0","W00","World","H6","HS","true","1005","Maize (corn)","4","false","C00","TOTAL CPC","0","0","TOTAL MOT","8","kg","614057803","false","8","kg","614057803","false","614057803","false","0","false","185045453",,"185045453","0","false","true",
"C","A","20230101","2023","52","2023","360","IDN","Indonesia","M","Import","36","AUS","Australia","0","W00","World","H6","HS","true","1005","Maize (corn)","4","false","C00","TOTAL CPC","0","0","TOTAL MOT","8","kg","34","false","8","kg","34","false","34","false","0","false","26",,"26","0","false","true",
"C","A","20230101","2023","52","2023","360","IDN","Indonesia","M","Import","76","BRA","Brazil","0","W00","World","H6","HS","true","1005","Maize (corn)","4","false","C00","TOTAL CPC","0","0","TOTAL MOT","8","kg","609518474","false","8","kg","609518474","false","609518474","false","0","false","174894069",,"174894069","0","false","true",
"C","A","20230101","2023","52","2023","360","IDN","Indonesia","M","Import","156","CHN","China","0","W00","World","H6","HS","true","1005","Maize (corn)","4","false","C00","TOTAL CPC","0","0","TOTAL MOT","8","kg","8","false","8","kg","8","false","8","false","0","false","21",,"21","0","false","true",
"C","A","20230101","2023","52","2023","360","IDN","Indonesia","M","Import","458","MYS","Malaysia","0","W00","World","H6","HS","true","1005","Maize (corn)","4","false","C00","TOTAL CPC","0","0","TOTAL MOT","8","kg","100","false","8","kg","100","false","100","false","0","false","100",,"100","0","false","true",
"C","A","20230101","2023","52","2023","360","IDN","Indonesia","M","Import","484","MEX","Mexico","0","W00","World","H6","HS","true","1005","Maize (corn)","4","false","C00","TOTAL CPC","0","0","TOTAL MOT","8","kg","8","false","8","kg","8","false","8","false","0","false","80",,"80","0","false","true",
"C","A","20230101","2023","52","2023","360","IDN","Indonesia","M","Import","490","S19","Other Asia, nes","0","W00","World","H6","HS","true","1005","Maize (corn)","4","false","C00","TOTAL CPC","0","0","TOTAL MOT","8","kg","7","false","8","kg","7","false","7","false","0","false","110",,"110","0","false","true",
"C","A","20230101","2023","52","2023","360","IDN","Indonesia","M","Import","586","PAK","Pakistan","0","W00","World","H6","HS","true","1005","Maize (corn)","4","false","C00","TOTAL CPC","0","0","TOTAL MOT","8","kg","5879810","false","8","kg","5879810","false","5879810","false","0","false","1763179",,"1763179","0","false","true",
"C","A","20230101","2023","52","2023","360","IDN","Indonesia","M","Import","608","PHL","Philippines","0","W00","World","H6","HS","true","1005","Maize (corn)","4","false","C00","TOTAL CPC","0","0","TOTAL MOT","8","kg","5571","false","8","kg","5571","false","5571","false","0","false","79214",,"79214","0","false","true",
"C","A","20230101","2023","52","2023","360","IDN","Indonesia","M","Import","699","IND","India","0","W00","World","H6","HS","true","1005","Maize (corn)","4","false","C00","TOTAL CPC","0","0","TOTAL MOT","8","kg","2027451","false","8","kg","2027451","false","2027451","false","0","false","671189",,"671189","0","false","true",
"C","A","20230101","2023","52","2023","360","IDN","Indonesia","M","Import","710","ZAF","South Africa","0","W00","World","H6","HS","true","1005","Maize (corn)","4","false","C00","TOTAL CPC","0","0","TOTAL MOT","8","kg","487128","false","8","kg","487128","false","487128","false","0","false","474134",,"474134","0","false","true",
"C","A","20230101","2023","52","2023","360","IDN","Indonesia","M","Import","764","THA","Thailand","0","W00","World","H6","HS","true","1005","Maize (corn)","4","false","C00","TOTAL CPC","0","0","TOTAL MOT","8","kg","346182","false","8","kg","346182","false","346182","false","0","false","1387804",,"1387804","0","false","true",
"C","A","20230101","2023","52","2023","360","IDN","Indonesia","M","Import","784","ARE","United Arab Emirates","0","W00","World","H6","HS","true","1005","Maize (corn)","4","false","C00","TOTAL CPC","0","0","TOTAL MOT","8","kg","26000","false","8","kg","26000","false","26000","false","0","false","20800",,"20800","0","false","true",
"C","A","20230101","2023","52","2023","360","IDN","Indonesia","M","Import","826","GBR","United Kingdom","0","W00","World","H6","HS","true","1005","Maize (corn)","4","false","C00","TOTAL CPC","0","0","TOTAL MOT","8","kg","1","false","8","kg","1","false","1","false","0","false","10",,"10","0","false","true",
"C","A","20230101","2023","52","2023","360","IDN","Indonesia","M","Import","842","USA","USA","0","W00","World","H6","HS","true","1005","Maize (corn)","4","false","C00","TOTAL CPC","0","0","TOTAL MOT","8","kg","3497760","false","8","kg","3497760","false","3497760","false","0","false","3353764",,"3353764","0","false","true",
"C","A","20230101","2023","52","2023","360","IDN","Indonesia","M","Import","0","W00","World","0","W00","World","H6","HS","true","1006","Rice","4","false","C00","TOTAL CPC","0","0","TOTAL MOT","8","kg","3062857705","false","8","kg","3062857705","false","3062857705","false","0","false","1789023884",,"1789023884","0","false","true",
"C","A","20230101","2023","52","2023","360","IDN","Indonesia","M","Import","104","MMR","Myanmar","0","W00","World","H6","HS","true","1006","Rice","4","false","C00","TOTAL CPC","0","0","TOTAL MOT","8","kg","141204000","false","8","kg","141204000","false","141204000","false","0","false","88822870",,"88822870","0","false","true",
"C","A","20230101","2023","52","2023","360","IDN","Indonesia","M","Import","116","KHM","Cambodia","0","W00","World","H6","HS","true","1006","Rice","4","false","C00","TOTAL CPC","0","0","TOTAL MOT","8","kg","12925000","false","8","kg","12925000","false","12925000","false","0","false","8371415",,"8371415","0","false","true",
"C","A","20230101","2023","52","2023","360","IDN","Indonesia","M","Import","156","CHN","China","0","W00","World","H6","HS","true","1006","Rice","4","false","C00","TOTAL CPC","0","0","TOTAL MOT","8","kg","7019","false","8","kg","7019","false","7019","false","0","false","142519",,"142519","0","false","true",
"C","A","20230101","2023","52","2023","360","IDN","Indonesia","M","Import","380","ITA","Italy","0","W00","World","H6","HS","true","1006","Rice","4","false","C00","TOTAL CPC","0","0","TOTAL MOT","8","kg","8","false","8","kg","8","false","8","false","0","false","53",,"53","0","false","true",
"C","A","20230101","2023","52","2023","360","IDN","Indonesia","M","Import","392","JPN","Japan","0","W00","World","H6","HS","true","1006","Rice","4","false","C00","TOTAL CPC","0","0","TOTAL MOT","8","kg","61480","false","8","kg","61480","false","61480","false","0","false","155359",,"155359","0","false","true",
"C","A","20230101","2023","52","2023","360","IDN","Indonesia","M","Import","458","MYS","Malaysia","0","W00","World","H6","HS","true","1006","Rice","4","false","C00","TOTAL CPC","0","0","TOTAL MOT","8","kg","3138","false","8","kg","3138","false","3138","false","0","false","1566",,"1566","0","false","true",
"C","A","20230101","2023","52","2023","360","IDN","Indonesia","M","Import","586","PAK","Pakistan","0","W00","World","H6","HS","true","1006","Rice","4","false","C00","TOTAL CPC","0","0","TOTAL MOT","8","kg","309309700","false","8","kg","309309700","false","309309700","false","0","false","182322471",,"182322471","0","false","true",
"C","A","20230101","2023","52","2023","360","IDN","Indonesia","M","Import","608","PHL","Philippines","0","W00","World","H6","HS","true","1006","Rice","4","false","C00","TOTAL CPC","0","0","TOTAL MOT","8","kg","5035","false","8","kg","5035","false","5035","false","0","false","15222",,"15222","0","false","true",
"C","A","20230101","2023","52","2023","360","IDN","Indonesia","M","Import","699","IND","India","0","W00","World","H6","HS","true","1006","Rice","4","false","C00","TOTAL CPC","0","0","TOTAL MOT","8","kg","69715770","false","8","kg","69715770","false","69715770","false","0","false","35504984",,"35504984","0","false","true",
"C","A","20230101","2023","52","2023","360","IDN","Indonesia","M","Import","702","SGP","Singapore","0","W00","World","H6","HS","true","1006","Rice","4","false","C00","TOTAL CPC","0","0","TOTAL MOT","8","kg","105","false","8","kg","105","false","105","false","0","false","272",,"272","0","false","true",
"C","A","20230101","2023","52","2023","360","IDN","Indonesia","M","Import","704","VNM","Viet Nam","0","W00","World","H6","HS","true","1006","Rice","4","false","C00","TOTAL CPC","0","0","TOTAL MOT","8","kg","1147705300","false","8","kg","1147705300","false","1147705300","false","0","false","668871308",,"668871308","0","false","true",
"C","A","20230101","2023","52","2023","360","IDN","Indonesia","M","Import","764","THA","Thailand","0","W00","World","H6","HS","true","1006","Rice","4","false","C00","TOTAL CPC","0","0","TOTAL MOT","8","kg","1381921150","false","8","kg","1381921150","false","1381921150","false","0","false","804815845",,"804815845","0","false","true",
